tatouage,codeEx
L11.601K,NS/BS18R
L11.614A,NI/BS18R
L11.589V,IS525
L11.602L,NS/BS18S
L11.615C,NI/BS18S
L11.591X,IS526
L11.616D,NI/BS17R
L11.603M,NS/BS17R
L11.604N,NS/BS17S
L11.617E,NI/BS17S
L11.592Y,IS527
L11.605P,NS/BS17T
L11.618F,NI/BS17T
L11.593A,IS528
L11.606R,NS/BS17U
L11.619G,NI/BS17U
L11.607S,NI/BS17A
L11.594C,NS/BS17A
L11.585R,IS521
L11.608T,NI/BS17B
L11.595D,NS/BS17B
L11.586S,IS522
L11.609U,NI/BS17C
L11.596E,NS/BS17C
L11.611W,NI/BS17D
L11.597F,NS/BS17D
L11.587T,IS523
L11.612X,NI/BS18A
L11.598G,NS/BS18A
L11.588U,IS524
L11.613Y,NI/BS18B
L11.599H,NS/BS18B
L11.111D,NS/MZ10S
L10.592K,IS388
L11.112E,NS/MZ09R
L10.593L,IS389
L10.594M,IS390
L11.113F,NS/MZ09S
L10.595N,IS391
L11.114G,NS/MZ09T
L10.596P,IS392
L11.115H,NS/MZ09U
L11.116J,NS/MZ09V
L10.597R,IS393
L11.117K,NS/MZ09W
L11.118L,NS/MZ09X
L11.119M,NS/MZ08R
L11.742D,NS/MZ08A
L11.122R,NS/MZ09A
L11.123S,NS/MZ09B
L11.124T,NS/MZ09C
L10.584A,IS381
L10.585C,IS382
L11.125U,NS/MZ09D
L10.586D,IS383
L10.587E,IS384
L11.126V,NS/MZ09E
L10.588F,IS385
L11.127W,NS/MZ09F
L10.589G,IS386
L11.128X,NS/MZ09G
L10.591J,IS387
L11.129Y,NS/MZ10A
L10.521A,IS287
L10.522C,IS288
L11.173C,NS/RE46S
L10.523D,IS289
L10.524E,IS290
L10.525F,IS291
L11.174D,NS/RE45R
L10.526G,IS292
L10.527H,IS293
L11.175E,NS/RE45S
L10.528J,IS294
L10.529K,IS295
L11.176F,NS/RE45T
L10.531M,IS296
L11.769K,NS/RE45U
L11.771M,NS/RE45V
L10.508K,IS276
L11.225N,NS/RE44T
L10.509L,IS277
L11.226P,NS/RE44U
L10.511N,IS278
L10.512P,IS279
L11.227R,NS/RE43R
L10.513R,IS280
L10.503E,IS271
L11.228S,NS/RE43D
L10.504F,IS272
L10.505G,IS273
L11.229T,NS/RE44A
L10.506H,IS274
L11.231V,NS/RE44B
L10.507J,IS275
L10.514S,IS281
L11.177G,NS/RE45B
L10.515T,IS282
L10.516U,IS283
L10.517V,IS284
L11.178H,NS/RE45C
L10.518W,IS285
L10.519X,IS286
L11.252V,NS/RE32R
L10.493S,IS261
L11.253W,NS/RE32S
L10.494T,IS262
L11.254X,NS/RE32T
L10.495U,IS263
L11.255Y,NS/RE32U
L11.256A,NS/RE31R
L10.496V,IS264
L10.497W,IS265
L11.257C,NS/RE31S
L11.258D,NS/RE31T
L10.501C,IS268
L10.499Y,IS267
L11.259E,NS/RE31U
L10.498X,IS266
L11.261G,NS/RE31V
L11.262H,NS/RE31W
L10.502D,IS269
L11.263J,NS/RE30R
L11.264K,NS/RE30S
L11.265L,NS/RE30A
L11.266M,NS/RE30B
L10.482E,IS251
L11.267N,NS/RE30C
L11.268P,NS/RE31A
L10.483F,IS252
L10.484G,IS253
L11.269R,NS/RE31B
L10.485H,IS254
L10.486J,IS255
L11.271T,NS/RE31C
L10.487K,IS256
L11.272U,NS/RE31D
L10.488L,IS257
L11.273V,NS/RE31E
L10.489M,IS258
L11.274W,NS/RE32A
L10.491P,IS259
L11.275X,NS/RE32B
L11.276Y,NS/RE32C
L10.492R,IS260
L11.277A,NS/RE32D
L11.066Y,NS/RN22S
L10.468M,IS234
L11.067A,NS/RN22T
L11.068C,NS/RN22U
L10.469N,IS235
L11.069D,NS/RN21R
L10.471R,IS236
L10.472S,IS237
L11.071F,NS/RN21S
L11.072G,NS/RN21T
L10.467L,IS237A
L11.807F,NS/RN21V
L10.473T,IS238
L11.073H,NS/RN21U
L10.477X,IS238A
L11.809H,NS/RN21W
L10.474U,IS239
L11.074J,NS/RN20R
L11.808G,NS/RN20W
L10.475V,IS240
L11.075K,NS/RN20S
L10.476W,IS241
L11.076L,NS/RN20T
L10.478Y,IS243
L11.077M,NS/RN20U
L11.078N,NS/RN20V
L10.481D,IS245
L11.209U,NS/RN19R
L11.211W,NS/RN19S
L10.452T,IS213
L11.212X,NS/RN19T
L11.213Y,NS/RN19U
L10.453U,IS214
L11.214A,NS/RN19V
L11.215C,NS/RN19W
L11.216D,NS/RN18R
L11.217E,NS/RN18C
L10.449P,IS211
L11.218F,NS/RN19A
L11.219G,NS/RN19B
L11.221J,NS/RN19C
L11.222K,NS/RN19D
L10.451S,IS212
L11.223L,NS/RN19E
L11.224M,NS/RN19F
L11.079P,NS/RN20A
L10.454V,IS221
L10.455W,IS222
L11.081S,NS/RN20B
L10.456X,IS223
L11.082T,NS/RN20C
L10.457Y,IS224
L11.083U,NS/RN20D
L11.811K,NS/RN20F
L10.479A,IS224A
L10.458A,IS225
L11.084V,NS/RN20E
L11.804C,NS/RN21F
L10.459C,IS226
L11.085W,NS/RN21A
L10.461E,IS227
L11.805D,NS/RN21G
L10.462F,IS228
L11.086X,NS/RN21B
L11.087Y,NS/RN21C
L11.806E,NS/RN21H
L10.465J,IS228A
L11.088A,NS/RN21D
L10.463G,IS229
L11.089C,NS/RN21E
L10.464H,IS230
L11.091E,NS/RN22A
L10.466K,IS232
L11.092F,NS/RN22B
L10.447M,IS203
L11.145T,NS/RN15R
L11.146U,NS/RN15S
L10.448N,IS204
L10.445K,IS201
L11.147V,NS/RN15B
L11.148W,NS/RN16A
L10.446L,IS202
L11.339Y,NS/AL01R
L11.194C,NS/AL01S
L10.573M,IS361
L11.341C,NS/AL01T
L10.574N,IS362
L11.195D,NS/AL01U
L11.342D,NS/AL01V
L10.575P,IS363
L11.196E,NS/AL01W
L10.576R,IS364
L11.343E,NS/AL01X
L10.577S,IS365
L11.197F,NS/AL01Y
L10.578T,IS366
L10.579U,IS367
L11.344F,NS/AL00R
L10.581W,IS368
L11.198G,NS/AL00S
L10.582X,IS369
L11.199H,NS/AL00T
L10.583Y,IS370
L11.201K,NS/AL00U
L11.208T,NS/AL00B
L10.562Y,IS351
L11.202L,NS/AL00C
L10.563A,IS352
L11.203M,NS/AL00D
L10.564C,IS353
L11.349L,NS/AL00E
L10.565D,IS354
L10.566E,IS355
L11.204N,NS/AL01A
L10.567F,IS356
L11.348K,NS/AL01B
L10.568G,IS357
L11.205P,NS/AL01C
L10.569H,IS358
L11.347J,NS/AL01D
L11.206R,NS/AL01E
L10.571K,IS359
L11.346H,NS/AL01F
L10.572L,IS360
L11.207S,NS/AL01G
L11.345G,NS/AL01H
L11.292T,NI/TAV W-Entrée
L10.651F,IS474
L11.293U,NS/AT07S
L10.652G,IS475
L11.294V,NS/AT07T
L11.295W,NI/TAV W-Sortie
L10.653H,IS476
L10.647A,IS471
L11.296X,NI/TAV Y-Entrée
L11.297Y,NS/AT07A
L10.648C,IS472
L10.649D,IS473
L11.298A,NS/AT07B
L11.299C,NI/TAV Y-Sortie
L11.093G,NS/MR01S
L11.527W,NI/MR01S
L10.625Y,IS438
L11.528X,NI/MR01T
L11.094H,NS/MR01T
L11.095J,NS/MR01U
L11.529Y,NI/MR01U
L10.626A,IS439
L11.531C,NI/IS440
L10.627C,IS440
L10.628D,IS441
L11.532D,NI/MR01V
L11.096K,NS/MR01V
L11.533E,NI/IS442
L10.629E,IS442
L10.631G,IS443
L11.534F,NI/MR01W
L11.097L,NS/MR01W
L11.098M,NS/MR01X
L11.535G,NI/MR01X
L10.632H,IS444
L10.633J,IS445
L11.099N,NS/MR00R
L11.536H,NI/MR00R
L11.102S,NS/MR00B
L11.537J,NI/MR00B
L11.103T,NS/MR01A
L11.538K,NI/MR01A
L10.617P,IS431
L11.539L,NI/IS432
L10.618R,IS432
L10.619S,IS433
L11.541N,NI/MR01B
L11.104U,NS/MR01B
L11.105V,NS/MR01C
L11.542P,NI/MR01C
L10.621U,IS434
L11.543R,NI/IS435
L10.622V,IS435
L10.623W,IS436
L11.544S,NI/MR01D
L11.106W,NS/MR01D
L11.107X,NS/MR01E
L11.545T,NI/MR01E
L10.624X,IS437
L11.546U,NI/MR01F
L11.108Y,NS/MR01F
L11.519M,NS/MR03V
L11.518L,NS/MR03U
L11.515H,IS463
L11.517K,NS/MR03T
L10.646Y,IS462
L11.136H,NS/MR03S
L10.645X,IS461
L11.135G,NS/MR03R
L10.644W,IS460
L10.643V,IS459
L11.134F,NS/MR04V
L10.642U,IS458
L11.133E,NS/MR04U
L11.132D,NS/MR04T
L10.641T,IS457
L11.131C,NS/MR04S
L11.137J,NS/MR03A
L11.521P,NI/MR03B
L11.138K,NS/MR03B
L10.634K,IS451
L11.139L,NS/MR03C
L11.522R,NI/MR03C
L10.635L,IS452
L11.141N,NS/MR03D
L11.523S,NI/MR03D
L10.636M,IS453
L11.142P,NS/MR04A
L11.524T,NI/MR04A
L10.637N,IS454
L11.143R,NS/MR04B
L11.525U,NI/MR04B
L10.638P,IS455
L11.144S,NS/MR04C
L11.526V,NI/MR04C
L10.639R,IS456
L11.516J,NS/MR04D
L10.553N,IS338
L10.208D,NI/IS338
L10.554P,IS339
L10.213J,NS/RW76Q
L10.211G,NS/RW76S
L10.555R,IS340
L10.556S,IS341
L10.215L,NS/RW76U
L10.557T,IS342
L10.558U,IS343
L10.217N,NS/RW76W
L10.219R,NS/RW76Y
L10.559V,IS344
L10.561X,IS345
L10.222U,NS/RW75R
L10.223V,NS/RW75D
L10.545E,IS331
L10.221T,NS/RW76A
L10.546F,IS332
L10.218P,NS/RW76C
L10.547G,IS333
L10.548H,IS334
L10.216M,NS/RW76E
L10.549J,IS335
L10.551L,IS336
L10.214K,NS/RW76G
L10.212H,NS/RW76I
L10.552M,IS337
L11.949Y,NS/LR05R
L10.615M,IS423
L11.179J,NS/LR05S
L11.943S,NS/LR05T
L11.944T,NI/IS423a
L11.918M,IS423A
L11.945U,NS/LR05U
L11.946V,NI/IS423b
L11.919N,IS423B
L10.616N,IS424
L11.181L,NS/LR05V
L11.951C,NS/LR05W
L11.947W,NS/LR05A
L10.613K,IS421
L11.182M,NS/LR05B
L11.938L,NS/LR05C
L11.916K,IS421A
L11.939M,NI/IS421a
L11.941P,NS/LR05D
L11.942R,NI/IS421b
L11.917L,IS421B
L10.614L,IS422
L11.183N,NS/LR05E
L11.948X,NS/LR05F
L11.278C,NS/VR37U
L11.279D,NS/VR37S
L10.667Y,IS493
L11.281F,NS/VR37R
L11.282G,NS/VR37A
L10.666X,IS492
L11.283H,NS/VR37B
L11.284J,NS/VR37D
L11.157H,NI/IS132
L10.401H,IS132
L11.158J,NI/IS133
L10.402J,IS133
L11.159K,NI/IS134
L10.403K,IS134
L11.161M,NI/IS135
L10.404L,IS135
L11.168V,NS/NR04G
L10.405M,IS136
L11.169W,NI/IS130
L10.398E,IS130
L11.171Y,NI/IS131
L10.399F,IS131
L11.172A,NS/NR04B
L11.162N,NS/NR03Z
L10.435X,IS176
L11.163P,NS/NR03X
L10.436Y,IS177
L10.159U,NS/NR04R
L10.161W,NS/NR03R
L10.396C,IS128
L10.397D,IS129
L10.162X,NS/NR03S
L10.163Y,NS/NR03T
L10.406N,IS137
L10.164A,NS/NR03U
L10.407P,IS138
L10.408R,IS139
L10.165C,NS/NR03V
L10.166D,NS/NR02R
L10.409S,IS140
L10.167E,NS/NR02S
L10.411U,IS141
L10.168F,NS/NR02T
L10.412V,IS142
L10.413W,IS143
L10.169G,NS/NR02U
L10.171J,NS/NR02V
L10.414X,IS144
L10.416A,IS146
L10.174M,NS/NR02W
L10.175N,NS/NR01R
L10.417C,IS147
L10.176P,NS/NR01S
L10.418D,IS148
L10.177R,NS/NR01T
L10.419E,IS149
L10.421G,IS150
L10.178S,NS/NR01U
L10.179T,NS/NR01V
L10.422H,IS151
L10.181V,NS/NR00R
L10.423J,IS152
L10.182W,NS/NR00S
L10.424K,IS153
L10.184Y,NS/NR00T
L10.836A,IS157
L10.185A,NS/NV00R
L10.186C,NS/NV00S
L10.837C,IS158
L10.187D,NS/NR00U
L10.198R,NS/NR00V
L10.183X,NS/NM00S
L10.122A,NS/NM01R
L10.123C,NS/NM00R
L10.834X,IS155
L10.197P,NS/NV00T
L11.861U,NS/NG01T
L11.862V,NS/NG01S
L10.124D,NS/NG01R
L10.125E,NS/NG00S
L10.426M,IS154
L10.126F,NS/NG00R
L10.835Y,IS156
L10.172K,NS/NR02X
L10.173L,NS/NR01X
L10.415Y,IS145
L11.245M,NS/SR01R
L11.513F,IS503
L10.669C,IS502
L11.246N,NS/SR01S
L11.514G,IS504
L11.247P,NS/SR01T
L10.389T,IS122
L10.156R,NS/NR03F
L11.383A,NS/NW04R
L11.384C,NI/NW04R
L11.773P,IS185
L11.385D,NI/NW04S
L11.386E,NS/NW04S
L11.387F,NS/NW04T
L11.388G,NI/NW04T
L11.774R,IS186
L11.389H,NS/NW04U
L10.129J,NS/NR00A
L10.131L,NS/NR00B
L10.366R,IS101
L10.132M,NS/NR00C
L10.133N,NS/NR00D
L10.134P,NS/NR00E
L10.368T,IS103
L10.135R,NS/NR00F
L10.369U,IS104
L10.136S,NS/NR01A
L10.137T,NS/NR01B
L10.371W,IS105
L10.372X,IS106
L10.138U,NS/NR01C
L10.139V,NS/NR01D
L10.373Y,IS107
L10.141X,NS/NR01E
L10.374A,IS108
L10.375C,IS109
L10.142Y,NS/NR01F
L10.143A,NS/NR02A
L10.376D,IS110
L10.378F,IS112
L10.146E,NS/NR02C
L10.379G,IS113
L10.147F,NS/NR02D
L10.381J,IS114
L10.148G,NS/NR02E
L10.382K,IS115
L10.149H,NS/NR02F
L10.383L,IS116
L10.151K,NS/NR03A
L10.384M,IS117
L10.152L,NS/NR03B
L10.385N,IS118
L10.153M,NS/NR03C
L10.386P,IS119
L10.154N,NS/NR03D
L10.388S,IS121
L10.155P,NS/NR03E
L10.395A,IS127
L10.157S,NS/NR03G
L10.158T,NS/NR04A
L11.153D,NS/NM00A
L11.154E,NS/NM00B
L11.155F,NS/NM01A
L10.201U,NS/NV00A
L11.156G,NS/NV00B
L11.149X,NS/NG00A
L10.367S,IS102
L11.151A,NS/NG00B
L10.425L,IS103A
L11.152C,NS/NG00C
L11.863W,NS/NG01A
L11.864X,NS/NG01B
L10.377E,IS111
L10.144C,NS/NR01G
L10.145D,NS/NR02B
L11.248R,NS/SR01C
L11.249S,NS/SR01B
L10.668A,IS501
L11.251U,NS/SR01A
L11.164R,NS/NR03L
L10.391V,IS123
L10.392W,IS124
L11.165S,NS/NR03M
L10.393X,IS125
L11.167U,NI/IS126
L11.166T,NS/NR03N
L10.394Y,IS126
L11.959L,NS/RW80R
L11.232W,NS/RW80S
L10.438C,IS179
L11.233X,NS/RW79R
L10.439D,IS180
L11.234Y,NS/RW79V
L10.441F,IS181
L11.235A,NS/RW79U
L10.442G,IS182
L11.236C,NS/RW79T
L10.443H,IS183
L11.237D,NS/RW79S
L10.444J,IS184
L10.387R,IS120
L10.429R,IS171
L11.238E,NS/RW79A
L11.239F,NS/RW79B
L10.431T,IS172
L11.241H,NS/RW79C
L10.432U,IS173
L11.242J,NS/RW79D
L10.433V,IS174
L11.243K,NS/RW79E
L10.434W,IS175
L10.437A,IS178
L11.244L,NS/RW80A
L11.287M,NS/BU03R
L10.674H,IS514
L10.675J,IS515
L11.285K,NS/BU03S
L11.286L,NS/BU03T
L10.676K,IS516
L11.288N,NS/BU03A
L10.671E,IS511
L10.672F,IS512
L11.289P,NS/BU03B
L11.291S,NS/BU03C
L10.673G,IS513
L10.539W,IS316
L11.055L,NS/RS52R
L10.541Y,IS317
L11.056M,NS/RS52S
L11.057N,NS/RS52T
L10.542A,IS318
L10.543C,IS319
L11.058P,NS/RS52U
L11.059R,NS/RS52V
L10.544D,IS320
L11.184P,NS/RS51S
L11.185R,NS/RS51T
L11.186S,NS/RS51U
L10.533P,IS302
L11.187T,NS/RS51V
L11.188U,NS/RS50C
L11.189V,NS/RS51A
L10.532N,IS301
L11.191X,NS/RS51B
L11.192Y,NS/RS51C
L11.193A,NS/RS51D
L10.534R,IS311
L11.061T,NS/RS52A
L11.062U,NS/RS52B
L10.535S,IS312
L10.536T,IS313
L11.063V,NS/RS52C
L11.064W,NS/RS52D
L10.537U,IS314
L10.538V,IS315
L11.065X,NS/RS52E
L11.374R,NS/SB01R
L11.372N,NS/SB01S
L11.369K,NS/SB01T
L10.607D,IS409
L11.367H,NS/SB01U
L10.608E,IS410
L11.365F,NS/SB01V
L10.609F,IS411
L11.363D,NS/SB00R
L11.361A,NS/SB00S
L10.611H,IS412
L11.358W,NS/SB00T
L11.356U,NS/SB00U
L10.612J,IS413
L11.354S,NS/SB00V
L11.352P,NS/SB00W
L11.557H,NS/SB00X
L11.552C,NS/SB00A
L10.598S,IS401
L11.553D,NS/SB00B
L10.599T,IS402
L11.554E,NS/SB00C
L10.601V,IS403
L11.555F,NS/SB00D
L11.556G,NS/SB00E
L11.353R,NS/SB00F
L11.355T,NS/SB00G
L11.357V,NS/SB00H
L10.602W,IS404
L11.359X,NS/SB00I
L11.362C,NS/SB00J
L10.603X,IS405
L11.364E,NS/SB00K
L11.366G,NS/SB01A
L10.604Y,IS406
L11.368J,NS/SB01B
L10.605A,IS407
L11.371M,NS/SB01C
L10.606C,IS408
L11.373P,NS/SB01D
L11.375S,NS/SB01E
L11.666M,NS/TY02T
L10.655K,IS482
L11.664K,NS/TY02S
L11.662H,NS/TY02R
L11.661G,NS/TY03T
L11.658D,NS/TY03S
L11.655Y,NS/TY03R
L11.643K,NS/TY02A
L10.654J,IS481
L11.646N,NS/TY02B
L11.648R,NS/TY02C
L11.649S,NS/TY03A
L11.652V,NS/TY03B
L11.654X,NS/TY03C
